16267 PICTON CT,48038
17396 DELAWARE DR,48044
18265 PINE HILL DR,48044
18392 CRANBROOK DR,48038
18526 OLD COACH TRAIL RD,48038
18678 CRANBROOK DR,48038
19828 TOWNER DR,48038
20305 BALMORAL DR,48044
31035 SAN JUAN ST,48045
31125 SAN JUAN ST,48045
39861 BRIDGEVIEW ST,48045
39894 SOUTHPOINTE AVE,48045
41361 GLOCA MORA ST,48045
41379 WINDMILL ST,48045
41750 WOODRING DR,48038
46850 ARAPAHOE DR,48044
26380 BEAMER ST,48045
27050 HICKORY ST,48045
27221 HICKLER LN,48045
27687 OWEN CT,48045
27833 IVY CT,48045
27865 LAUREN ST N,48045
27900 LAUREN ST E,48045
29320 GRANDVIEW ST,48045
37905 ELMLANE,48045
38129 PINERIDGE ST,48045
38210 PINERIDGE ST,48045
39101 MEMORY LN,48045
39205 CLOVERLEAF ST,48045
39208 CLOVERLEAF ST,48045
39230 MEMORY LN,48045
39285 N BLOM DR,48045
39299 CLOVERLEAF ST,48045
39340 MEMORY LN,48045
39490 MEMORY LN,48045